Word,Frequency,Frequency in %,Most frequently word,Count most frequently word,Less frequently word,Count less frequently word
0, 1, 0,0009, в, 76, 0, 1
00, 1, 0,0009, в, 76, 0, 1
000, 2, 0,0019, в, 76, 0, 1
1023, 1, 0,0009, в, 76, 0, 1
1024, 1, 0,0009, в, 76, 0, 1
123, 4, 0,0038, в, 76, 0, 1
128, 3, 0,0028, в, 76, 0, 1
16, 1, 0,0009, в, 76, 0, 1
1xx, 1, 0,0009, в, 76, 0, 1
2, 2, 0,0019, в, 76, 0, 1
22й, 1, 0,0009, в, 76, 0, 1
294, 1, 0,0009, в, 76, 0, 1
296, 1, 0,0009, в, 76, 0, 1
2хх, 1, 0,0009, в, 76, 0, 1
32, 2, 0,0019, в, 76, 0, 1
3хх, 1, 0,0009, в, 76, 0, 1
4, 1, 0,0009, в, 76, 0, 1
443, 1, 0,0009, в, 76, 0, 1
49151, 1, 0,0009, в, 76, 0, 1
49152, 1, 0,0009, в, 76, 0, 1
4xx, 1, 0,0009, в, 76, 0, 1
5xx, 1, 0,0009, в, 76, 0, 1
65535, 1, 0,0009, в, 76, 0, 1
7, 2, 0,0019, в, 76, 0, 1
70, 1, 0,0009, в, 76, 0, 1
80, 1, 0,0009, в, 76, 0, 1
967, 1, 0,0009, в, 76, 0, 1
99, 1, 0,0009, в, 76, 0, 1
authoritative, 1, 0,0009, в, 76, 0, 1
client, 1, 0,0009, в, 76, 0, 1
com, 1, 0,0009, в, 76, 0, 1
control, 1, 0,0009, в, 76, 0, 1
datagram, 1, 0,0009, в, 76, 0, 1
ddos, 1, 0,0009, в, 76, 0, 1
death, 1, 0,0009, в, 76, 0, 1
discord, 1, 0,0009, в, 76, 0, 1
dns, 6, 0,0056, в, 76, 0, 1
domain, 1, 0,0009, в, 76, 0, 1
dos, 1, 0,0009, в, 76, 0, 1
error, 2, 0,0019, в, 76, 0, 1
first, 2, 0,0019, в, 76, 0, 1
flood, 1, 0,0009, в, 76, 0, 1
ftp, 9, 0,0085, в, 76, 0, 1
get, 1, 0,0009, в, 76, 0, 1
gopher, 3, 0,0028, в, 76, 0, 1
header, 1, 0,0009, в, 76, 0, 1
html, 3, 0,0028, в, 76, 0, 1
http, 10, 0,0094, в, 76, 0, 1
https, 4, 0,0038, в, 76, 0, 1
icmp, 7, 0,0066, в, 76, 0, 1
informational, 1, 0,0009, в, 76, 0, 1
interconnection, 1, 0,0009, в, 76, 0, 1
internet, 2, 0,0019, в, 76, 0, 1
ip, 24, 0,0226, в, 76, 0, 1
ipv4, 4, 0,0038, в, 76, 0, 1
ipv6, 3, 0,0028, в, 76, 0, 1
lsdb, 1, 0,0009, в, 76, 0, 1
name, 1, 0,0009, в, 76, 0, 1
nameserver, 3, 0,0028, в, 76, 0, 1
numbering, 1, 0,0009, в, 76, 0, 1
of, 2, 0,0019, в, 76, 0, 1
open, 2, 0,0019, в, 76, 0, 1
osi, 8, 0,0075, в, 76, 0, 1
ospf, 2, 0,0019, в, 76, 0, 1
path, 2, 0,0019, в, 76, 0, 1
payload, 1, 0,0009, в, 76, 0, 1
ping, 1, 0,0009, в, 76, 0, 1
protocol, 5, 0,0047, в, 76, 0, 1
put, 1, 0,0009, в, 76, 0, 1
qos, 1, 0,0009, в, 76, 0, 1
quality, 1, 0,0009, в, 76, 0, 1
real, 1, 0,0009, в, 76, 0, 1
recursor, 1, 0,0009, в, 76, 0, 1
redirection, 1, 0,0009, в, 76, 0, 1
rfc, 1, 0,0009, в, 76, 0, 1
root, 1, 0,0009, в, 76, 0, 1
rtcp, 3, 0,0028, в, 76, 0, 1
rtp, 5, 0,0047, в, 76, 0, 1
ru, 2, 0,0019, в, 76, 0, 1
s, 1, 0,0009, в, 76, 0, 1
sctp, 5, 0,0047, в, 76, 0, 1
secure, 1, 0,0009, в, 76, 0, 1
segment, 1, 0,0009, в, 76, 0, 1
selectel, 4, 0,0038, в, 76, 0, 1
server, 1, 0,0009, в, 76, 0, 1
service, 1, 0,0009, в, 76, 0, 1
sfp, 1, 0,0009, в, 76, 0, 1
shell, 1, 0,0009, в, 76, 0, 1
shortest, 2, 0,0019, в, 76, 0, 1
skype, 1, 0,0009, в, 76, 0, 1
ssh, 4, 0,0038, в, 76, 0, 1
success, 1, 0,0009, в, 76, 0, 1
system, 2, 0,0019, в, 76, 0, 1
systems, 1, 0,0009, в, 76, 0, 1
tcp, 19, 0,0179, в, 76, 0, 1
telnet, 4, 0,0038, в, 76, 0, 1
time, 1, 0,0009, в, 76, 0, 1
tld, 1, 0,0009, в, 76, 0, 1
transfer, 1, 0,0009, в, 76, 0, 1
transmission, 1, 0,0009, в, 76, 0, 1
udp, 8, 0,0075, в, 76, 0, 1
unix, 1, 0,0009, в, 76, 0, 1
url, 1, 0,0009, в, 76, 0, 1
user, 1, 0,0009, в, 76, 0, 1
vmware, 1, 0,0009, в, 76, 0, 1
а, 7, 0,0066, в, 76, 0, 1
авторизации, 1, 0,0009, в, 76, 0, 1
авторизованный, 1, 0,0009, в, 76, 0, 1
администрирования, 2, 0,0019, в, 76, 0, 1
адрес, 4, 0,0038, в, 76, 0, 1
адреса, 7, 0,0066, в, 76, 0, 1
адресатам, 1, 0,0009, в, 76, 0, 1
адресату, 1, 0,0009, в, 76, 0, 1
адресации, 1, 0,0009, в, 76, 0, 1
адресное, 2, 0,0019, в, 76, 0, 1
адресов, 4, 0,0038, в, 76, 0, 1
активном, 2, 0,0019, в, 76, 0, 1
алгоритм, 1, 0,0009, в, 76, 0, 1
анализе, 1, 0,0009, в, 76, 0, 1
анализировать, 1, 0,0009, в, 76, 0, 1
анализируя, 1, 0,0009, в, 76, 0, 1
аналог, 1, 0,0009, в, 76, 0, 1
аналогичен, 1, 0,0009, в, 76, 0, 1
аналогично, 1, 0,0009, в, 76, 0, 1
английским, 1, 0,0009, в, 76, 0, 1
анонимным, 1, 0,0009, в, 76, 0, 1
аппаратную, 1, 0,0009, в, 76, 0, 1
аренде, 1, 0,0009, в, 76, 0, 1
аспект, 1, 0,0009, в, 76, 0, 1
атак, 2, 0,0019, в, 76, 0, 1
атака, 1, 0,0009, в, 76, 0, 1
аудио, 2, 0,0019, в, 76, 0, 1
база, 1, 0,0009, в, 76, 0, 1
базе, 3, 0,0028, в, 76, 0, 1
базовой, 1, 0,0009, в, 76, 0, 1
байта, 2, 0,0019, в, 76, 0, 1
байтам, 1, 0,0009, в, 76, 0, 1
байтов, 1, 0,0009, в, 76, 0, 1
без, 2, 0,0019, в, 76, 0, 1
безопасности, 2, 0,0019, в, 76, 0, 1
бесконтактной, 1, 0,0009, в, 76, 0, 1
битное, 1, 0,0009, в, 76, 0, 1
битные, 2, 0,0019, в, 76, 0, 1
благодаря, 1, 0,0009, в, 76, 0, 1
блоге, 2, 0,0019, в, 76, 0, 1
блока, 1, 0,0009, в, 76, 0, 1
блоки, 1, 0,0009, в, 76, 0, 1
блоков, 1, 0,0009, в, 76, 0, 1
более, 3, 0,0028, в, 76, 0, 1
большая, 2, 0,0019, в, 76, 0, 1
большим, 1, 0,0009, в, 76, 0, 1
большинстве, 1, 0,0009, в, 76, 0, 1
большого, 2, 0,0019, в, 76, 0, 1
брандмауэрами, 1, 0,0009, в, 76, 0, 1
браузер, 2, 0,0019, в, 76, 0, 1
браузеров, 1, 0,0009, в, 76, 0, 1
браузеры, 1, 0,0009, в, 76, 0, 1
будет, 2, 0,0019, в, 76, 0, 1
был, 2, 0,0019, в, 76, 0, 1
быстрее, 1, 0,0009, в, 76, 0, 1
быстром, 1, 0,0009, в, 76, 0, 1
быть, 5, 0,0047, в, 76, 0, 1
в, 76, 0,0714, в, 76, 0, 1
важный, 1, 0,0009, в, 76, 0, 1
ваш, 2, 0,0019, в, 76, 0, 1
вашего, 1, 0,0009, в, 76, 0, 1
вашем, 1, 0,0009, в, 76, 0, 1
вводит, 1, 0,0009, в, 76, 0, 1
веб, 4, 0,0038, в, 76, 0, 1
велик, 1, 0,0009, в, 76, 0, 1
версию, 1, 0,0009, в, 76, 0, 1
взаимодействие, 1, 0,0009, в, 76, 0, 1
взаимодействии, 1, 0,0009, в, 76, 0, 1
взаимодействия, 6, 0,0056, в, 76, 0, 1
взаимодействуют, 1, 0,0009, в, 76, 0, 1
видео, 2, 0,0019, в, 76, 0, 1
видеоконференциях, 1, 0,0009, в, 76, 0, 1
виртуальной, 1, 0,0009, в, 76, 0, 1
включает, 4, 0,0038, в, 76, 0, 1
вместо, 1, 0,0009, в, 76, 0, 1
во, 1, 0,0009, в, 76, 0, 1
возвращает, 1, 0,0009, в, 76, 0, 1
возможной, 1, 0,0009, в, 76, 0, 1
возможность, 1, 0,0009, в, 76, 0, 1
войти, 1, 0,0009, в, 76, 0, 1
восстановления, 1, 0,0009, в, 76, 0, 1
восьми, 1, 0,0009, в, 76, 0, 1
времени, 2, 0,0019, в, 76, 0, 1
время, 1, 0,0009, в, 76, 0, 1
все, 7, 0,0066, в, 76, 0, 1
всего, 1, 0,0009, в, 76, 0, 1
всем, 2, 0,0019, в, 76, 0, 1
всех, 1, 0,0009, в, 76, 0, 1
встраивается, 1, 0,0009, в, 76, 0, 1
второй, 1, 0,0009, в, 76, 0, 1
входит, 1, 0,0009, в, 76, 0, 1
входят, 1, 0,0009, в, 76, 0, 1
вы, 2, 0,0019, в, 76, 0, 1
выглядит, 1, 0,0009, в, 76, 0, 1
выдается, 1, 0,0009, в, 76, 0, 1
выдаются, 1, 0,0009, в, 76, 0, 1
вызова, 1, 0,0009, в, 76, 0, 1
выполнения, 2, 0,0019, в, 76, 0, 1
выполняет, 2, 0,0019, в, 76, 0, 1
выполнять, 1, 0,0009, в, 76, 0, 1
выполняются, 1, 0,0009, в, 76, 0, 1
выступает, 1, 0,0009, в, 76, 0, 1
высылает, 1, 0,0009, в, 76, 0, 1
вычислит, 1, 0,0009, в, 76, 0, 1
вычислительные, 1, 0,0009, в, 76, 0, 1
где, 4, 0,0038, в, 76, 0, 1
генерация, 1, 0,0009, в, 76, 0, 1
генерирует, 1, 0,0009, в, 76, 0, 1
гипертекста, 1, 0,0009, в, 76, 0, 1
гипертекстовых, 1, 0,0009, в, 76, 0, 1
главной, 1, 0,0009, в, 76, 0, 1
главный, 1, 0,0009, в, 76, 0, 1
главным, 1, 0,0009, в, 76, 0, 1
глобальную, 1, 0,0009, в, 76, 0, 1
глобальным, 1, 0,0009, в, 76, 0, 1
голоса, 1, 0,0009, в, 76, 0, 1
голосовых, 1, 0,0009, в, 76, 0, 1
графика, 1, 0,0009, в, 76, 0, 1
д, 2, 0,0019, в, 76, 0, 1
дает, 1, 0,0009, в, 76, 0, 1
далее, 4, 0,0038, в, 76, 0, 1
данная, 1, 0,0009, в, 76, 0, 1
данное, 1, 0,0009, в, 76, 0, 1
данной, 1, 0,0009, в, 76, 0, 1
данные, 11, 0,0103, в, 76, 0, 1
данный, 3, 0,0028, в, 76, 0, 1
данным, 1, 0,0009, в, 76, 0, 1
данных, 22, 0,0207, в, 76, 0, 1
дать, 1, 0,0009, в, 76, 0, 1
два, 2, 0,0019, в, 76, 0, 1
двух, 1, 0,0009, в, 76, 0, 1
действия, 1, 0,0009, в, 76, 0, 1
дейтаграмм, 2, 0,0019, в, 76, 0, 1
делается, 1, 0,0009, в, 76, 0, 1
делятся, 1, 0,0009, в, 76, 0, 1
демон, 1, 0,0009, в, 76, 0, 1
демоном, 1, 0,0009, в, 76, 0, 1
день, 1, 0,0009, в, 76, 0, 1
диагностика, 1, 0,0009, в, 76, 0, 1
диалог, 1, 0,0009, в, 76, 0, 1
диапазона, 1, 0,0009, в, 76, 0, 1
диктуют, 1, 0,0009, в, 76, 0, 1
динамические, 1, 0,0009, в, 76, 0, 1
длина, 1, 0,0009, в, 76, 0, 1
для, 29, 0,0273, в, 76, 0, 1
до, 2, 0,0019, в, 76, 0, 1
добавления, 1, 0,0009, в, 76, 0, 1
добавляются, 1, 0,0009, в, 76, 0, 1
документе, 1, 0,0009, в, 76, 0, 1
должен, 1, 0,0009, в, 76, 0, 1
должна, 1, 0,0009, в, 76, 0, 1
должно, 1, 0,0009, в, 76, 0, 1
должны, 2, 0,0019, в, 76, 0, 1
доменное, 1, 0,0009, в, 76, 0, 1
доменные, 1, 0,0009, в, 76, 0, 1
домены, 1, 0,0009, в, 76, 0, 1
дословно, 1, 0,0009, в, 76, 0, 1
доставки, 2, 0,0019, в, 76, 0, 1
достигается, 1, 0,0009, в, 76, 0, 1
достигли, 1, 0,0009, в, 76, 0, 1
доступ, 1, 0,0009, в, 76, 0, 1
доступной, 1, 0,0009, в, 76, 0, 1
доступные, 1, 0,0009, в, 76, 0, 1
доступных, 1, 0,0009, в, 76, 0, 1
дробление, 1, 0,0009, в, 76, 0, 1
другие, 2, 0,0019, в, 76, 0, 1
другими, 1, 0,0009, в, 76, 0, 1
других, 1, 0,0009, в, 76, 0, 1
его, 11, 0,0103, в, 76, 0, 1
единственный, 1, 0,0009, в, 76, 0, 1
ее, 3, 0,0028, в, 76, 0, 1
если, 4, 0,0038, в, 76, 0, 1
есть, 2, 0,0019, в, 76, 0, 1
еще, 1, 0,0009, в, 76, 0, 1
железо, 1, 0,0009, в, 76, 0, 1
жизни, 1, 0,0009, в, 76, 0, 1
за, 4, 0,0038, в, 76, 0, 1
заголовка, 2, 0,0019, в, 76, 0, 1
заголовок, 6, 0,0056, в, 76, 0, 1
загрузить, 1, 0,0009, в, 76, 0, 1
загрузке, 1, 0,0009, в, 76, 0, 1
загрузки, 1, 0,0009, в, 76, 0, 1
загрузку, 1, 0,0009, в, 76, 0, 1
задача, 1, 0,0009, в, 76, 0, 1
задачах, 1, 0,0009, в, 76, 0, 1
задачей, 1, 0,0009, в, 76, 0, 1
задачи, 1, 0,0009, в, 76, 0, 1
задержка, 1, 0,0009, в, 76, 0, 1
заключение, 1, 0,0009, в, 76, 0, 1
закодированных, 1, 0,0009, в, 76, 0, 1
залить, 1, 0,0009, в, 76, 0, 1
записи, 1, 0,0009, в, 76, 0, 1
записывается, 1, 0,0009, в, 76, 0, 1
запись, 1, 0,0009, в, 76, 0, 1
запоминать, 1, 0,0009, в, 76, 0, 1
запрашивает, 3, 0,0028, в, 76, 0, 1
запрос, 3, 0,0028, в, 76, 0, 1
запроса, 5, 0,0047, в, 76, 0, 1
запросами, 1, 0,0009, в, 76, 0, 1
запросе, 1, 0,0009, в, 76, 0, 1
запросить, 1, 0,0009, в, 76, 0, 1
запросов, 2, 0,0019, в, 76, 0, 1
запросу, 1, 0,0009, в, 76, 0, 1
запросы, 2, 0,0019, в, 76, 0, 1
запущена, 1, 0,0009, в, 76, 0, 1
зарегистрированные, 1, 0,0009, в, 76, 0, 1
заставляет, 1, 0,0009, в, 76, 0, 1
затем, 2, 0,0019, в, 76, 0, 1
защищенный, 1, 0,0009, в, 76, 0, 1
здесь, 2, 0,0019, в, 76, 0, 1
злоумышленник, 1, 0,0009, в, 76, 0, 1
злоумышленники, 1, 0,0009, в, 76, 0, 1
знаний, 1, 0,0009, в, 76, 0, 1
значение, 1, 0,0009, в, 76, 0, 1
значительно, 1, 0,0009, в, 76, 0, 1
и, 54, 0,0508, в, 76, 0, 1
играх, 1, 0,0009, в, 76, 0, 1
играющим, 1, 0,0009, в, 76, 0, 1
из, 10, 0,0094, в, 76, 0, 1
известной, 1, 0,0009, в, 76, 0, 1
изменение, 1, 0,0009, в, 76, 0, 1
или, 18, 0,0169, в, 76, 0, 1
им, 1, 0,0009, в, 76, 0, 1
имеет, 3, 0,0028, в, 76, 0, 1
имена, 1, 0,0009, в, 76, 0, 1
имени, 1, 0,0009, в, 76, 0, 1
именно, 1, 0,0009, в, 76, 0, 1
имя, 1, 0,0009, в, 76, 0, 1
инициализации, 1, 0,0009, в, 76, 0, 1
интернет, 11, 0,0103, в, 76, 0, 1
интернета, 1, 0,0009, в, 76, 0, 1
интернете, 1, 0,0009, в, 76, 0, 1
интерфейсами, 1, 0,0009, в, 76, 0, 1
информации, 5, 0,0047, в, 76, 0, 1
информацию, 6, 0,0056, в, 76, 0, 1
информация, 2, 0,0019, в, 76, 0, 1
исключения, 1, 0,0009, в, 76, 0, 1
использованием, 1, 0,0009, в, 76, 0, 1
использовать, 2, 0,0019, в, 76, 0, 1
используемый, 1, 0,0009, в, 76, 0, 1
используемых, 1, 0,0009, в, 76, 0, 1
использует, 4, 0,0038, в, 76, 0, 1
используете, 1, 0,0009, в, 76, 0, 1
используется, 7, 0,0066, в, 76, 0, 1
использую, 1, 0,0009, в, 76, 0, 1
используют, 1, 0,0009, в, 76, 0, 1
используются, 1, 0,0009, в, 76, 0, 1
используя, 1, 0,0009, в, 76, 0, 1
источника, 2, 0,0019, в, 76, 0, 1
источнику, 1, 0,0009, в, 76, 0, 1
исходного, 1, 0,0009, в, 76, 0, 1
исходному, 1, 0,0009, в, 76, 0, 1
исходным, 1, 0,0009, в, 76, 0, 1
исчерпанием, 1, 0,0009, в, 76, 0, 1
их, 5, 0,0047, в, 76, 0, 1
к, 12, 0,0113, в, 76, 0, 1
каждое, 1, 0,0009, в, 76, 0, 1
каждой, 1, 0,0009, в, 76, 0, 1
каждому, 2, 0,0019, в, 76, 0, 1
каждый, 5, 0,0047, в, 76, 0, 1
как, 12, 0,0113, в, 76, 0, 1
какие, 2, 0,0019, в, 76, 0, 1
какой, 2, 0,0019, в, 76, 0, 1
канал, 1, 0,0009, в, 76, 0, 1
канала, 7, 0,0066, в, 76, 0, 1
карты, 1, 0,0009, в, 76, 0, 1
качестве, 2, 0,0019, в, 76, 0, 1
клиент, 6, 0,0056, в, 76, 0, 1
клиента, 5, 0,0047, в, 76, 0, 1
клиентов, 1, 0,0009, в, 76, 0, 1
клиенту, 1, 0,0009, в, 76, 0, 1
ключ, 2, 0,0019, в, 76, 0, 1
когда, 2, 0,0019, в, 76, 0, 1
код, 3, 0,0028, в, 76, 0, 1
коды, 1, 0,0009, в, 76, 0, 1
количества, 2, 0,0019, в, 76, 0, 1
количеством, 1, 0,0009, в, 76, 0, 1
коллеги, 1, 0,0009, в, 76, 0, 1
командного, 2, 0,0019, в, 76, 0, 1
командный, 1, 0,0009, в, 76, 0, 1
команды, 1, 0,0009, в, 76, 0, 1
коммуникационной, 1, 0,0009, в, 76, 0, 1
коммуницировать, 1, 0,0009, в, 76, 0, 1
коммутаторов, 1, 0,0009, в, 76, 0, 1
компании, 1, 0,0009, в, 76, 0, 1
компьютер, 3, 0,0028, в, 76, 0, 1
компьютеров, 1, 0,0009, в, 76, 0, 1
компьютеры, 1, 0,0009, в, 76, 0, 1
конвертации, 1, 0,0009, в, 76, 0, 1
конвертирует, 1, 0,0009, в, 76, 0, 1
конечного, 1, 0,0009, в, 76, 0, 1
конечным, 2, 0,0019, в, 76, 0, 1
конечных, 1, 0,0009, в, 76, 0, 1
конкретном, 1, 0,0009, в, 76, 0, 1
контролирует, 1, 0,0009, в, 76, 0, 1
контроль, 1, 0,0009, в, 76, 0, 1
контрольная, 1, 0,0009, в, 76, 0, 1
корневой, 1, 0,0009, в, 76, 0, 1
которое, 1, 0,0009, в, 76, 0, 1
которой, 4, 0,0038, в, 76, 0, 1
которые, 8, 0,0075, в, 76, 0, 1
который, 10, 0,0094, в, 76, 0, 1
которых, 4, 0,0038, в, 76, 0, 1
краткое, 3, 0,0028, в, 76, 0, 1
кратчайший, 1, 0,0009, в, 76, 0, 1
критична, 1, 0,0009, в, 76, 0, 1
легче, 1, 0,0009, в, 76, 0, 1
ли, 1, 0,0009, в, 76, 0, 1
либо, 2, 0,0019, в, 76, 0, 1
личном, 1, 0,0009, в, 76, 0, 1
локализовать, 1, 0,0009, в, 76, 0, 1
локальном, 1, 0,0009, в, 76, 0, 1
локальным, 1, 0,0009, в, 76, 0, 1
любая, 1, 0,0009, в, 76, 0, 1
любят, 1, 0,0009, в, 76, 0, 1
люди, 1, 0,0009, в, 76, 0, 1
людям, 1, 0,0009, в, 76, 0, 1
манипуляции, 1, 0,0009, в, 76, 0, 1
маршрута, 1, 0,0009, в, 76, 0, 1
маршрутизатор, 1, 0,0009, в, 76, 0, 1
маршрутизатора, 1, 0,0009, в, 76, 0, 1
маршрутизаторов, 1, 0,0009, в, 76, 0, 1
маршрутизатором, 1, 0,0009, в, 76, 0, 1
маршрутизаторы, 1, 0,0009, в, 76, 0, 1
маршрутизации, 1, 0,0009, в, 76, 0, 1
маршрутизация, 1, 0,0009, в, 76, 0, 1
машины, 1, 0,0009, в, 76, 0, 1
медиа, 1, 0,0009, в, 76, 0, 1
между, 6, 0,0056, в, 76, 0, 1
межсетевого, 2, 0,0019, в, 76, 0, 1
межсетевом, 1, 0,0009, в, 76, 0, 1
места, 1, 0,0009, в, 76, 0, 1
месте, 1, 0,0009, в, 76, 0, 1
метод, 1, 0,0009, в, 76, 0, 1
минусов, 1, 0,0009, в, 76, 0, 1
мире, 3, 0,0028, в, 76, 0, 1
многоадресное, 1, 0,0009, в, 76, 0, 1
многоадресной, 1, 0,0009, в, 76, 0, 1
могут, 1, 0,0009, в, 76, 0, 1
модели, 6, 0,0056, в, 76, 0, 1
модель, 12, 0,0113, в, 76, 0, 1
может, 5, 0,0047, в, 76, 0, 1
можете, 1, 0,0009, в, 76, 0, 1
можно, 8, 0,0075, в, 76, 0, 1
момент, 2, 0,0019, в, 76, 0, 1
мощности, 1, 0,0009, в, 76, 0, 1
мультимедиа, 1, 0,0009, в, 76, 0, 1
мы, 3, 0,0028, в, 76, 0, 1
на, 40, 0,0376, в, 76, 0, 1
набор, 1, 0,0009, в, 76, 0, 1
надежности, 4, 0,0038, в, 76, 0, 1
надежность, 1, 0,0009, в, 76, 0, 1
надежную, 1, 0,0009, в, 76, 0, 1
надежный, 1, 0,0009, в, 76, 0, 1
название, 2, 0,0019, в, 76, 0, 1
названием, 1, 0,0009, в, 76, 0, 1
назначается, 1, 0,0009, в, 76, 0, 1
назначению, 1, 0,0009, в, 76, 0, 1
назначения, 3, 0,0028, в, 76, 0, 1
называемая, 1, 0,0009, в, 76, 0, 1
называемое, 1, 0,0009, в, 76, 0, 1
называется, 3, 0,0028, в, 76, 0, 1
наиболее, 1, 0,0009, в, 76, 0, 1
наилучшего, 1, 0,0009, в, 76, 0, 1
наилучший, 1, 0,0009, в, 76, 0, 1
например, 13, 0,0122, в, 76, 0, 1
напротив, 1, 0,0009, в, 76, 0, 1
настройка, 1, 0,0009, в, 76, 0, 1
настройки, 1, 0,0009, в, 76, 0, 1
начинает, 2, 0,0019, в, 76, 0, 1
нашей, 1, 0,0009, в, 76, 0, 1
нашем, 1, 0,0009, в, 76, 0, 1
не, 9, 0,0085, в, 76, 0, 1
него, 4, 0,0038, в, 76, 0, 1
недостатках, 1, 0,0009, в, 76, 0, 1
недостаток, 1, 0,0009, в, 76, 0, 1
недоступность, 1, 0,0009, в, 76, 0, 1
незащищенность, 1, 0,0009, в, 76, 0, 1
ней, 1, 0,0009, в, 76, 0, 1
некоторые, 2, 0,0019, в, 76, 0, 1
некоторых, 1, 0,0009, в, 76, 0, 1
нельзя, 1, 0,0009, в, 76, 0, 1
нему, 1, 0,0009, в, 76, 0, 1
необходимо, 1, 0,0009, в, 76, 0, 1
непосредственно, 1, 0,0009, в, 76, 0, 1
нескольким, 1, 0,0009, в, 76, 0, 1
несколькими, 1, 0,0009, в, 76, 0, 1
нескольких, 1, 0,0009, в, 76, 0, 1
нет, 1, 0,0009, в, 76, 0, 1
нечетные, 1, 0,0009, в, 76, 0, 1
низкую, 1, 0,0009, в, 76, 0, 1
ними, 1, 0,0009, в, 76, 0, 1
них, 2, 0,0019, в, 76, 0, 1
но, 3, 0,0028, в, 76, 0, 1
новые, 1, 0,0009, в, 76, 0, 1
номер, 3, 0,0028, в, 76, 0, 1
номера, 3, 0,0028, в, 76, 0, 1
номеров, 1, 0,0009, в, 76, 0, 1
нужно, 2, 0,0019, в, 76, 0, 1
нужному, 1, 0,0009, в, 76, 0, 1
нумерации, 1, 0,0009, в, 76, 0, 1
о, 9, 0,0085, в, 76, 0, 1
об, 1, 0,0009, в, 76, 0, 1
оба, 1, 0,0009, в, 76, 0, 1
обеспечения, 1, 0,0009, в, 76, 0, 1
обеспечивает, 5, 0,0047, в, 76, 0, 1
обеспечивают, 1, 0,0009, в, 76, 0, 1
облаке, 1, 0,0009, в, 76, 0, 1
обмена, 2, 0,0019, в, 76, 0, 1
обмениваться, 1, 0,0009, в, 76, 0, 1
обозначают, 2, 0,0019, в, 76, 0, 1
обрабатывает, 1, 0,0009, в, 76, 0, 1
обратно, 1, 0,0009, в, 76, 0, 1
общеизвестные, 1, 0,0009, в, 76, 0, 1
общепринятым, 1, 0,0009, в, 76, 0, 1
общим, 1, 0,0009, в, 76, 0, 1
объединивший, 1, 0,0009, в, 76, 0, 1
объем, 3, 0,0028, в, 76, 0, 1
обычно, 1, 0,0009, в, 76, 0, 1
ограниченное, 1, 0,0009, в, 76, 0, 1
ограничивает, 1, 0,0009, в, 76, 0, 1
один, 3, 0,0028, в, 76, 0, 1
однако, 1, 0,0009, в, 76, 0, 1
одним, 1, 0,0009, в, 76, 0, 1
одновременно, 1, 0,0009, в, 76, 0, 1
одного, 1, 0,0009, в, 76, 0, 1
одном, 1, 0,0009, в, 76, 0, 1
ожидание, 1, 0,0009, в, 76, 0, 1
окажется, 1, 0,0009, в, 76, 0, 1
окончательные, 1, 0,0009, в, 76, 0, 1
он, 10, 0,0094, в, 76, 0, 1
она, 1, 0,0009, в, 76, 0, 1
они, 1, 0,0009, в, 76, 0, 1
описание, 5, 0,0047, в, 76, 0, 1
опорой, 1, 0,0009, в, 76, 0, 1
определение, 1, 0,0009, в, 76, 0, 1
определенному, 1, 0,0009, в, 76, 0, 1
определенные, 1, 0,0009, в, 76, 0, 1
определенный, 1, 0,0009, в, 76, 0, 1
определить, 1, 0,0009, в, 76, 0, 1
определяет, 2, 0,0019, в, 76, 0, 1
определяющий, 1, 0,0009, в, 76, 0, 1
опционально, 1, 0,0009, в, 76, 0, 1
организации, 1, 0,0009, в, 76, 0, 1
ориентированный, 1, 0,0009, в, 76, 0, 1
основана, 1, 0,0009, в, 76, 0, 1
основе, 2, 0,0019, в, 76, 0, 1
основная, 1, 0,0009, в, 76, 0, 1
основное, 2, 0,0019, в, 76, 0, 1
основную, 1, 0,0009, в, 76, 0, 1
основные, 1, 0,0009, в, 76, 0, 1
основным, 1, 0,0009, в, 76, 0, 1
основных, 4, 0,0038, в, 76, 0, 1
основой, 1, 0,0009, в, 76, 0, 1
особенности, 1, 0,0009, в, 76, 0, 1
осуществляет, 1, 0,0009, в, 76, 0, 1
осуществлять, 1, 0,0009, в, 76, 0, 1
от, 6, 0,0056, в, 76, 0, 1
отбросит, 1, 0,0009, в, 76, 0, 1
ответ, 4, 0,0038, в, 76, 0, 1
ответа, 1, 0,0009, в, 76, 0, 1
ответы, 1, 0,0009, в, 76, 0, 1
отвечать, 1, 0,0009, в, 76, 0, 1
отвечающий, 1, 0,0009, в, 76, 0, 1
отгружать, 1, 0,0009, в, 76, 0, 1
отдельные, 1, 0,0009, в, 76, 0, 1
отдельных, 1, 0,0009, в, 76, 0, 1
открывает, 1, 0,0009, в, 76, 0, 1
открывается, 1, 0,0009, в, 76, 0, 1
открытия, 1, 0,0009, в, 76, 0, 1
открыто, 1, 0,0009, в, 76, 0, 1
открытых, 1, 0,0009, в, 76, 0, 1
отличие, 1, 0,0009, в, 76, 0, 1
отличий, 1, 0,0009, в, 76, 0, 1
отметить, 1, 0,0009, в, 76, 0, 1
относится, 2, 0,0019, в, 76, 0, 1
отправит, 1, 0,0009, в, 76, 0, 1
отправитель, 1, 0,0009, в, 76, 0, 1
отправителю, 1, 0,0009, в, 76, 0, 1
отправить, 1, 0,0009, в, 76, 0, 1
отправка, 1, 0,0009, в, 76, 0, 1
отправки, 1, 0,0009, в, 76, 0, 1
отправкой, 1, 0,0009, в, 76, 0, 1
отправку, 1, 0,0009, в, 76, 0, 1
отправленные, 1, 0,0009, в, 76, 0, 1
отправленный, 1, 0,0009, в, 76, 0, 1
отправляемых, 1, 0,0009, в, 76, 0, 1
отправляет, 1, 0,0009, в, 76, 0, 1
отправляется, 1, 0,0009, в, 76, 0, 1
отправляющаяся, 1, 0,0009, в, 76, 0, 1
отправляющий, 1, 0,0009, в, 76, 0, 1
отправляющим, 1, 0,0009, в, 76, 0, 1
отслеживает, 1, 0,0009, в, 76, 0, 1
очень, 1, 0,0009, в, 76, 0, 1
очередь, 1, 0,0009, в, 76, 0, 1
ошибка, 2, 0,0019, в, 76, 0, 1
ошибках, 1, 0,0009, в, 76, 0, 1
ошибки, 1, 0,0009, в, 76, 0, 1
ошибок, 1, 0,0009, в, 76, 0, 1
пакет, 3, 0,0028, в, 76, 0, 1
пакета, 2, 0,0019, в, 76, 0, 1
пакете, 1, 0,0009, в, 76, 0, 1
пакетной, 1, 0,0009, в, 76, 0, 1
пакетов, 2, 0,0019, в, 76, 0, 1
панели, 1, 0,0009, в, 76, 0, 1
пары, 1, 0,0009, в, 76, 0, 1
пассивном, 3, 0,0028, в, 76, 0, 1
первоначально, 1, 0,0009, в, 76, 0, 1
первым, 1, 0,0009, в, 76, 0, 1
переводится, 1, 0,0009, в, 76, 0, 1
перед, 1, 0,0009, в, 76, 0, 1
передаваемые, 1, 0,0009, в, 76, 0, 1
передаваемых, 1, 0,0009, в, 76, 0, 1
передавать, 1, 0,0009, в, 76, 0, 1
передавая, 1, 0,0009, в, 76, 0, 1
передает, 2, 0,0019, в, 76, 0, 1
переданы, 1, 0,0009, в, 76, 0, 1
передаче, 5, 0,0047, в, 76, 0, 1
передачей, 1, 0,0009, в, 76, 0, 1
передачи, 13, 0,0122, в, 76, 0, 1
передачу, 4, 0,0038, в, 76, 0, 1
передаются, 1, 0,0009, в, 76, 0, 1
передающий, 1, 0,0009, в, 76, 0, 1
переключение, 1, 0,0009, в, 76, 0, 1
переключении, 1, 0,0009, в, 76, 0, 1
перенаправление, 1, 0,0009, в, 76, 0, 1
пересылки, 1, 0,0009, в, 76, 0, 1
пересылку, 1, 0,0009, в, 76, 0, 1
перехватить, 1, 0,0009, в, 76, 0, 1
переходят, 1, 0,0009, в, 76, 0, 1
печать, 1, 0,0009, в, 76, 0, 1
пк, 4, 0,0038, в, 76, 0, 1
по, 8, 0,0075, в, 76, 0, 1
поведении, 1, 0,0009, в, 76, 0, 1
поверх, 3, 0,0028, в, 76, 0, 1
повышения, 2, 0,0019, в, 76, 0, 1
под, 1, 0,0009, в, 76, 0, 1
поддерживает, 3, 0,0028, в, 76, 0, 1
поддержка, 1, 0,0009, в, 76, 0, 1
подключаясь, 1, 0,0009, в, 76, 0, 1
подключение, 2, 0,0019, в, 76, 0, 1
подключении, 1, 0,0009, в, 76, 0, 1
подключения, 5, 0,0047, в, 76, 0, 1
подключенных, 1, 0,0009, в, 76, 0, 1
подключиться, 1, 0,0009, в, 76, 0, 1
подлинность, 1, 0,0009, в, 76, 0, 1
подразумевает, 1, 0,0009, в, 76, 0, 1
подробнее, 4, 0,0038, в, 76, 0, 1
подробное, 1, 0,0009, в, 76, 0, 1
подсети, 1, 0,0009, в, 76, 0, 1
подтверждение, 1, 0,0009, в, 76, 0, 1
подтверждения, 2, 0,0019, в, 76, 0, 1
подходит, 2, 0,0019, в, 76, 0, 1
позволяет, 2, 0,0019, в, 76, 0, 1
позволяющая, 1, 0,0009, в, 76, 0, 1
поиска, 1, 0,0009, в, 76, 0, 1
поиске, 1, 0,0009, в, 76, 0, 1
получатель, 1, 0,0009, в, 76, 0, 1
получателю, 1, 0,0009, в, 76, 0, 1
получен, 1, 0,0009, в, 76, 0, 1
получение, 1, 0,0009, в, 76, 0, 1
получения, 2, 0,0019, в, 76, 0, 1
получить, 1, 0,0009, в, 76, 0, 1
пользователей, 1, 0,0009, в, 76, 0, 1
пользователь, 3, 0,0028, в, 76, 0, 1
пользователю, 1, 0,0009, в, 76, 0, 1
пользователя, 3, 0,0028, в, 76, 0, 1
поля, 1, 0,0009, в, 76, 0, 1
помогает, 3, 0,0028, в, 76, 0, 1
помощи, 3, 0,0028, в, 76, 0, 1
помощью, 2, 0,0019, в, 76, 0, 1
понятие, 1, 0,0009, в, 76, 0, 1
понять, 1, 0,0009, в, 76, 0, 1
попадали, 1, 0,0009, в, 76, 0, 1
попали, 1, 0,0009, в, 76, 0, 1
популярные, 1, 0,0009, в, 76, 0, 1
порт, 4, 0,0038, в, 76, 0, 1
порта, 2, 0,0019, в, 76, 0, 1
портов, 1, 0,0009, в, 76, 0, 1
порту, 1, 0,0009, в, 76, 0, 1
порты, 2, 0,0019, в, 76, 0, 1
порядковые, 1, 0,0009, в, 76, 0, 1
поскольку, 3, 0,0028, в, 76, 0, 1
после, 3, 0,0028, в, 76, 0, 1
последний, 1, 0,0009, в, 76, 0, 1
последовательную, 1, 0,0009, в, 76, 0, 1
постоянно, 2, 0,0019, в, 76, 0, 1
построен, 1, 0,0009, в, 76, 0, 1
построения, 1, 0,0009, в, 76, 0, 1
потоков, 1, 0,0009, в, 76, 0, 1
потокового, 1, 0,0009, в, 76, 0, 1
потоковой, 1, 0,0009, в, 76, 0, 1
потоком, 2, 0,0019, в, 76, 0, 1
поэтому, 1, 0,0009, в, 76, 0, 1
правил, 1, 0,0009, в, 76, 0, 1
правилах, 1, 0,0009, в, 76, 0, 1
правило, 1, 0,0009, в, 76, 0, 1
правильная, 1, 0,0009, в, 76, 0, 1
правильные, 1, 0,0009, в, 76, 0, 1
предпочтительно, 1, 0,0009, в, 76, 0, 1
преимущественно, 1, 0,0009, в, 76, 0, 1
преимущество, 1, 0,0009, в, 76, 0, 1
преимуществом, 1, 0,0009, в, 76, 0, 1
преобразует, 2, 0,0019, в, 76, 0, 1
при, 18, 0,0169, в, 76, 0, 1
приблизительно, 1, 0,0009, в, 76, 0, 1
прием, 2, 0,0019, в, 76, 0, 1
прикладного, 1, 0,0009, в, 76, 0, 1
прикладным, 1, 0,0009, в, 76, 0, 1
приложений, 5, 0,0047, в, 76, 0, 1
приложениях, 1, 0,0009, в, 76, 0, 1
применения, 1, 0,0009, в, 76, 0, 1
применяемым, 1, 0,0009, в, 76, 0, 1
применяется, 3, 0,0028, в, 76, 0, 1
примерно, 1, 0,0009, в, 76, 0, 1
принимаемые, 1, 0,0009, в, 76, 0, 1
принимается, 1, 0,0009, в, 76, 0, 1
принимать, 1, 0,0009, в, 76, 0, 1
принтер, 1, 0,0009, в, 76, 0, 1
принтера, 1, 0,0009, в, 76, 0, 1
принцип, 2, 0,0019, в, 76, 0, 1
принципах, 1, 0,0009, в, 76, 0, 1
принципе, 1, 0,0009, в, 76, 0, 1
принципы, 1, 0,0009, в, 76, 0, 1
присваивается, 1, 0,0009, в, 76, 0, 1
присваиваются, 1, 0,0009, в, 76, 0, 1
присваивая, 1, 0,0009, в, 76, 0, 1
пришла, 1, 0,0009, в, 76, 0, 1
про, 2, 0,0019, в, 76, 0, 1
проблем, 1, 0,0009, в, 76, 0, 1
проблемой, 1, 0,0009, в, 76, 0, 1
проблему, 1, 0,0009, в, 76, 0, 1
проблемы, 2, 0,0019, в, 76, 0, 1
проверки, 1, 0,0009, в, 76, 0, 1
проверяет, 1, 0,0009, в, 76, 0, 1
программ, 1, 0,0009, в, 76, 0, 1
программа, 1, 0,0009, в, 76, 0, 1
программную, 1, 0,0009, в, 76, 0, 1
продолжает, 1, 0,0009, в, 76, 0, 1
прозрачное, 1, 0,0009, в, 76, 0, 1
происходит, 3, 0,0028, в, 76, 0, 1
просто, 2, 0,0019, в, 76, 0, 1
простой, 1, 0,0009, в, 76, 0, 1
простота, 1, 0,0009, в, 76, 0, 1
пространство, 2, 0,0019, в, 76, 0, 1
протокол, 29, 0,0273, в, 76, 0, 1
протокола, 18, 0,0169, в, 76, 0, 1
протоколам, 2, 0,0019, в, 76, 0, 1
протоколов, 8, 0,0075, в, 76, 0, 1
протоколом, 2, 0,0019, в, 76, 0, 1
протоколу, 1, 0,0009, в, 76, 0, 1
протоколы, 10, 0,0094, в, 76, 0, 1
процесс, 1, 0,0009, в, 76, 0, 1
процесса, 1, 0,0009, в, 76, 0, 1
процессе, 1, 0,0009, в, 76, 0, 1
процессом, 1, 0,0009, в, 76, 0, 1
прочитать, 2, 0,0019, в, 76, 0, 1
прошли, 1, 0,0009, в, 76, 0, 1
путей, 1, 0,0009, в, 76, 0, 1
путем, 3, 0,0028, в, 76, 0, 1
пути, 1, 0,0009, в, 76, 0, 1
путь, 1, 0,0009, в, 76, 0, 1
путями, 1, 0,0009, в, 76, 0, 1
пытаясь, 1, 0,0009, в, 76, 0, 1
пять, 1, 0,0009, в, 76, 0, 1
работает, 8, 0,0075, в, 76, 0, 1
работают, 4, 0,0038, в, 76, 0, 1
работоспособности, 1, 0,0009, в, 76, 0, 1
работы, 6, 0,0056, в, 76, 0, 1
разбиваются, 1, 0,0009, в, 76, 0, 1
развивается, 1, 0,0009, в, 76, 0, 1
разговоре, 1, 0,0009, в, 76, 0, 1
разделения, 1, 0,0009, в, 76, 0, 1
разделов, 2, 0,0019, в, 76, 0, 1
различную, 2, 0,0019, в, 76, 0, 1
различных, 2, 0,0019, в, 76, 0, 1
разным, 1, 0,0009, в, 76, 0, 1
разных, 1, 0,0009, в, 76, 0, 1
разрабатываются, 1, 0,0009, в, 76, 0, 1
разработан, 2, 0,0019, в, 76, 0, 1
разрешают, 1, 0,0009, в, 76, 0, 1
разрешение, 1, 0,0009, в, 76, 0, 1
разрядной, 1, 0,0009, в, 76, 0, 1
рамках, 1, 0,0009, в, 76, 0, 1
рассказываем, 1, 0,0009, в, 76, 0, 1
рассмотрели, 1, 0,0009, в, 76, 0, 1
рассмотрим, 2, 0,0019, в, 76, 0, 1
рассылки, 1, 0,0009, в, 76, 0, 1
расти, 1, 0,0009, в, 76, 0, 1
расходуя, 1, 0,0009, в, 76, 0, 1
расширением, 1, 0,0009, в, 76, 0, 1
расшифровывается, 1, 0,0009, в, 76, 0, 1
реализовано, 1, 0,0009, в, 76, 0, 1
реализуется, 1, 0,0009, в, 76, 0, 1
реального, 1, 0,0009, в, 76, 0, 1
реальной, 1, 0,0009, в, 76, 0, 1
реальном, 1, 0,0009, в, 76, 0, 1
режимах, 1, 0,0009, в, 76, 0, 1
режиме, 3, 0,0028, в, 76, 0, 1
резервными, 1, 0,0009, в, 76, 0, 1
результате, 2, 0,0019, в, 76, 0, 1
ресурса, 1, 0,0009, в, 76, 0, 1
ричных, 1, 0,0009, в, 76, 0, 1
роль, 1, 0,0009, в, 76, 0, 1
ряд, 1, 0,0009, в, 76, 0, 1
с, 16, 0,0150, в, 76, 0, 1
сайту, 2, 0,0019, в, 76, 0, 1
самых, 1, 0,0009, в, 76, 0, 1
сбои, 1, 0,0009, в, 76, 0, 1
сбора, 1, 0,0009, в, 76, 0, 1
своей, 2, 0,0019, в, 76, 0, 1
своеобразный, 1, 0,0009, в, 76, 0, 1
своим, 1, 0,0009, в, 76, 0, 1
свой, 1, 0,0009, в, 76, 0, 1
свойства, 1, 0,0009, в, 76, 0, 1
свою, 2, 0,0019, в, 76, 0, 1
связи, 4, 0,0038, в, 76, 0, 1
сгенерировать, 1, 0,0009, в, 76, 0, 1
сделать, 1, 0,0009, в, 76, 0, 1
себя, 3, 0,0028, в, 76, 0, 1
сегментам, 1, 0,0009, в, 76, 0, 1
сегментов, 1, 0,0009, в, 76, 0, 1
сегменты, 1, 0,0009, в, 76, 0, 1
сегодня, 1, 0,0009, в, 76, 0, 1
сегодняшний, 1, 0,0009, в, 76, 0, 1
семь, 1, 0,0009, в, 76, 0, 1
сервер, 11, 0,0103, в, 76, 0, 1
сервера, 8, 0,0075, в, 76, 0, 1
серверам, 2, 0,0019, в, 76, 0, 1
сервере, 2, 0,0019, в, 76, 0, 1
серверный, 1, 0,0009, в, 76, 0, 1
серверов, 2, 0,0019, в, 76, 0, 1
сервером, 1, 0,0009, в, 76, 0, 1
серверу, 1, 0,0009, в, 76, 0, 1
серверы, 1, 0,0009, в, 76, 0, 1
сессии, 1, 0,0009, в, 76, 0, 1
сетевого, 1, 0,0009, в, 76, 0, 1
сетевой, 1, 0,0009, в, 76, 0, 1
сетевому, 1, 0,0009, в, 76, 0, 1
сетевые, 1, 0,0009, в, 76, 0, 1
сетевыми, 1, 0,0009, в, 76, 0, 1
сетевых, 2, 0,0019, в, 76, 0, 1
сетей, 1, 0,0009, в, 76, 0, 1
сети, 22, 0,0207, в, 76, 0, 1
сеть, 3, 0,0028, в, 76, 0, 1
символьно, 1, 0,0009, в, 76, 0, 1
синхронизацию, 1, 0,0009, в, 76, 0, 1
систем, 1, 0,0009, в, 76, 0, 1
система, 1, 0,0009, в, 76, 0, 1
системам, 1, 0,0009, в, 76, 0, 1
системного, 1, 0,0009, в, 76, 0, 1
системой, 1, 0,0009, в, 76, 0, 1
систему, 1, 0,0009, в, 76, 0, 1
системы, 3, 0,0028, в, 76, 0, 1
скачивать, 1, 0,0009, в, 76, 0, 1
скорость, 2, 0,0019, в, 76, 0, 1
следования, 1, 0,0009, в, 76, 0, 1
следовать, 1, 0,0009, в, 76, 0, 1
следующий, 1, 0,0009, в, 76, 0, 1
слишком, 1, 0,0009, в, 76, 0, 1
сложности, 1, 0,0009, в, 76, 0, 1
случае, 1, 0,0009, в, 76, 0, 1
случаев, 1, 0,0009, в, 76, 0, 1
случаются, 1, 0,0009, в, 76, 0, 1
случаях, 1, 0,0009, в, 76, 0, 1
смену, 1, 0,0009, в, 76, 0, 1
со, 2, 0,0019, в, 76, 0, 1
собирать, 1, 0,0009, в, 76, 0, 1
собираются, 1, 0,0009, в, 76, 0, 1
собой, 3, 0,0028, в, 76, 0, 1
собранной, 1, 0,0009, в, 76, 0, 1
собственной, 1, 0,0009, в, 76, 0, 1
собственный, 1, 0,0009, в, 76, 0, 1
совокупности, 1, 0,0009, в, 76, 0, 1
современном, 2, 0,0019, в, 76, 0, 1
современные, 1, 0,0009, в, 76, 0, 1
содержатся, 1, 0,0009, в, 76, 0, 1
содержащих, 1, 0,0009, в, 76, 0, 1
содержит, 2, 0,0019, в, 76, 0, 1
соединение, 2, 0,0019, в, 76, 0, 1
соединения, 1, 0,0009, в, 76, 0, 1
создает, 2, 0,0019, в, 76, 0, 1
создания, 1, 0,0009, в, 76, 0, 1
сообщает, 1, 0,0009, в, 76, 0, 1
сообщать, 1, 0,0009, в, 76, 0, 1
сообщение, 1, 0,0009, в, 76, 0, 1
сообщений, 2, 0,0019, в, 76, 0, 1
сообщениями, 2, 0,0019, в, 76, 0, 1
соответствующее, 1, 0,0009, в, 76, 0, 1
соответствующую, 1, 0,0009, в, 76, 0, 1
соседние, 1, 0,0009, в, 76, 0, 1
составляет, 1, 0,0009, в, 76, 0, 1
состоит, 1, 0,0009, в, 76, 0, 1
состоянии, 1, 0,0009, в, 76, 0, 1
состояния, 4, 0,0038, в, 76, 0, 1
состоять, 1, 0,0009, в, 76, 0, 1
состоящей, 1, 0,0009, в, 76, 0, 1
сотни, 1, 0,0009, в, 76, 0, 1
сохранит, 1, 0,0009, в, 76, 0, 1
специальном, 1, 0,0009, в, 76, 0, 1
специальные, 1, 0,0009, в, 76, 0, 1
специальный, 1, 0,0009, в, 76, 0, 1
специфику, 1, 0,0009, в, 76, 0, 1
список, 1, 0,0009, в, 76, 0, 1
справочник, 2, 0,0019, в, 76, 0, 1
сравнение, 1, 0,0009, в, 76, 0, 1
сравнить, 1, 0,0009, в, 76, 0, 1
сразу, 1, 0,0009, в, 76, 0, 1
среде, 1, 0,0009, в, 76, 0, 1
средство, 2, 0,0019, в, 76, 0, 1
среду, 1, 0,0009, в, 76, 0, 1
ссылок, 1, 0,0009, в, 76, 0, 1
сталкиваемся, 1, 0,0009, в, 76, 0, 1
стандартам, 1, 0,0009, в, 76, 0, 1
стандартная, 1, 0,0009, в, 76, 0, 1
стандартную, 1, 0,0009, в, 76, 0, 1
стандартом, 3, 0,0028, в, 76, 0, 1
старый, 1, 0,0009, в, 76, 0, 1
статистик, 1, 0,0009, в, 76, 0, 1
статье, 1, 0,0009, в, 76, 0, 1
стека, 1, 0,0009, в, 76, 0, 1
степени, 1, 0,0009, в, 76, 0, 1
стороны, 2, 0,0019, в, 76, 0, 1
страниц, 2, 0,0019, в, 76, 0, 1
страницу, 3, 0,0028, в, 76, 0, 1
структуру, 1, 0,0009, в, 76, 0, 1
сумма, 1, 0,0009, в, 76, 0, 1
существует, 3, 0,0028, в, 76, 0, 1
существуют, 1, 0,0009, в, 76, 0, 1
существующую, 1, 0,0009, в, 76, 0, 1
схеме, 1, 0,0009, в, 76, 0, 1
считают, 1, 0,0009, в, 76, 0, 1
т, 2, 0,0019, в, 76, 0, 1
так, 4, 0,0038, в, 76, 0, 1
также, 8, 0,0075, в, 76, 0, 1
таких, 1, 0,0009, в, 76, 0, 1
такой, 1, 0,0009, в, 76, 0, 1
там, 1, 0,0009, в, 76, 0, 1
текстовой, 1, 0,0009, в, 76, 0, 1
телефонии, 1, 0,0009, в, 76, 0, 1
тело, 2, 0,0019, в, 76, 0, 1
терминала, 1, 0,0009, в, 76, 0, 1
то, 2, 0,0019, в, 76, 0, 1
того, 2, 0,0019, в, 76, 0, 1
только, 4, 0,0038, в, 76, 0, 1
том, 2, 0,0019, в, 76, 0, 1
топологии, 1, 0,0009, в, 76, 0, 1
топологической, 1, 0,0009, в, 76, 0, 1
транслирует, 1, 0,0009, в, 76, 0, 1
транспортного, 3, 0,0028, в, 76, 0, 1
транспортном, 1, 0,0009, в, 76, 0, 1
транспортному, 1, 0,0009, в, 76, 0, 1
транспортный, 3, 0,0028, в, 76, 0, 1
требуемого, 1, 0,0009, в, 76, 0, 1
требует, 1, 0,0009, в, 76, 0, 1
требуется, 2, 0,0019, в, 76, 0, 1
требующиеся, 1, 0,0009, в, 76, 0, 1
трехзначные, 1, 0,0009, в, 76, 0, 1
три, 1, 0,0009, в, 76, 0, 1
тср, 1, 0,0009, в, 76, 0, 1
туда, 2, 0,0019, в, 76, 0, 1
тысяч, 1, 0,0009, в, 76, 0, 1
удаленном, 1, 0,0009, в, 76, 0, 1
удаленным, 1, 0,0009, в, 76, 0, 1
удаленных, 1, 0,0009, в, 76, 0, 1
уже, 1, 0,0009, в, 76, 0, 1
узла, 1, 0,0009, в, 76, 0, 1
узлам, 1, 0,0009, в, 76, 0, 1
узлов, 1, 0,0009, в, 76, 0, 1
узнать, 1, 0,0009, в, 76, 0, 1
указание, 1, 0,0009, в, 76, 0, 1
указывают, 1, 0,0009, в, 76, 0, 1
умолчанию, 1, 0,0009, в, 76, 0, 1
универсальным, 1, 0,0009, в, 76, 0, 1
упомянутой, 1, 0,0009, в, 76, 0, 1
упомянуть, 1, 0,0009, в, 76, 0, 1
управление, 1, 0,0009, в, 76, 0, 1
управления, 4, 0,0038, в, 76, 0, 1
управляющий, 1, 0,0009, в, 76, 0, 1
управляющих, 1, 0,0009, в, 76, 0, 1
уровень, 2, 0,0019, в, 76, 0, 1
уровне, 3, 0,0028, в, 76, 0, 1
уровней, 3, 0,0028, в, 76, 0, 1
уровню, 1, 0,0009, в, 76, 0, 1
уровня, 5, 0,0047, в, 76, 0, 1
уровнях, 1, 0,0009, в, 76, 0, 1
ускорить, 1, 0,0009, в, 76, 0, 1
условия, 1, 0,0009, в, 76, 0, 1
успешно, 1, 0,0009, в, 76, 0, 1
успешность, 2, 0,0019, в, 76, 0, 1
установки, 1, 0,0009, в, 76, 0, 1
установлено, 1, 0,0009, в, 76, 0, 1
устаревают, 1, 0,0009, в, 76, 0, 1
устаревшие, 1, 0,0009, в, 76, 0, 1
устарела, 1, 0,0009, в, 76, 0, 1
устройств, 6, 0,0056, в, 76, 0, 1
устройства, 1, 0,0009, в, 76, 0, 1
устройствам, 1, 0,0009, в, 76, 0, 1
устройствами, 1, 0,0009, в, 76, 0, 1
устройстве, 1, 0,0009, в, 76, 0, 1
устройство, 2, 0,0019, в, 76, 0, 1
устройством, 1, 0,0009, в, 76, 0, 1
устройству, 1, 0,0009, в, 76, 0, 1
участвуют, 1, 0,0009, в, 76, 0, 1
участники, 1, 0,0009, в, 76, 0, 1
учетную, 1, 0,0009, в, 76, 0, 1
учетные, 1, 0,0009, в, 76, 0, 1
учитывать, 1, 0,0009, в, 76, 0, 1
ущерб, 1, 0,0009, в, 76, 0, 1
файл, 1, 0,0009, в, 76, 0, 1
файла, 2, 0,0019, в, 76, 0, 1
файлов, 1, 0,0009, в, 76, 0, 1
файлы, 2, 0,0019, в, 76, 0, 1
факт, 1, 0,0009, в, 76, 0, 1
формат, 1, 0,0009, в, 76, 0, 1
функции, 1, 0,0009, в, 76, 0, 1
функция, 2, 0,0019, в, 76, 0, 1
хорошо, 1, 0,0009, в, 76, 0, 1
хоста, 2, 0,0019, в, 76, 0, 1
хосте, 1, 0,0009, в, 76, 0, 1
хостом, 2, 0,0019, в, 76, 0, 1
хранит, 1, 0,0009, в, 76, 0, 1
хх, 1, 0,0009, в, 76, 0, 1
целостность, 2, 0,0019, в, 76, 0, 1
цель, 1, 0,0009, в, 76, 0, 1
цифры, 2, 0,0019, в, 76, 0, 1
части, 2, 0,0019, в, 76, 0, 1
часто, 2, 0,0019, в, 76, 0, 1
часть, 3, 0,0028, в, 76, 0, 1
частью, 1, 0,0009, в, 76, 0, 1
чаще, 1, 0,0009, в, 76, 0, 1
чего, 2, 0,0019, в, 76, 0, 1
человек, 1, 0,0009, в, 76, 0, 1
чем, 1, 0,0009, в, 76, 0, 1
через, 2, 0,0019, в, 76, 0, 1
четвертом, 1, 0,0009, в, 76, 0, 1
четных, 1, 0,0009, в, 76, 0, 1
четыре, 3, 0,0028, в, 76, 0, 1
четырех, 1, 0,0009, в, 76, 0, 1
числе, 1, 0,0009, в, 76, 0, 1
число, 1, 0,0009, в, 76, 0, 1
что, 3, 0,0028, в, 76, 0, 1
чтобы, 3, 0,0028, в, 76, 0, 1
шаг, 1, 0,0009, в, 76, 0, 1
широко, 1, 0,0009, в, 76, 0, 1
эмуляции, 1, 0,0009, в, 76, 0, 1
эта, 1, 0,0009, в, 76, 0, 1
эталонная, 1, 0,0009, в, 76, 0, 1
эталонным, 1, 0,0009, в, 76, 0, 1
этих, 1, 0,0009, в, 76, 0, 1
это, 15, 0,0141, в, 76, 0, 1
этого, 1, 0,0009, в, 76, 0, 1
этой, 1, 0,0009, в, 76, 0, 1
этом, 1, 0,0009, в, 76, 0, 1
этому, 1, 0,0009, в, 76, 0, 1
этот, 1, 0,0009, в, 76, 0, 1
является, 8, 0,0075, в, 76, 0, 1
язык, 1, 0,0009, в, 76, 0, 1
языком, 1, 0,0009, в, 76, 0, 1
